{
  "components": ["CU", "MG", "VA"],
  "phases": ["LIQUID", "FCC_A1", "LAVES_C15", "CUMG2", "HCP_A3"],
  "conditions": {
	  "P": 101325,
	  "T": [920.45,
          920.15,
          921.15,
          920.15,
          919.15,
          919.15,
          919.15,
          918.15,
          919.15,
          916.65,
          915.15,
          913.15,
          903.15,
          892.15,
          881.65,
          861.15,
          858.65,
          853.15,
          829.15,
          804.15,
          787.15,
          769.15,
          762.15,
          764.15,
          768.15,
          767.15,
          773.15,
          785.15,
          791.65,
          799.15,
          804.15,
          805.65,
          813.15,
          811.15,
          816.15,
          824.15,
          829.15,
          833.15,
          831.15,
          835.15,
          837.65,
          838.15,
          840.15,
          839.65,
          840.15,
          840.65,
          840.65,
          840.15,
          840.15,
          839.65,
          840.15,
          840.15,
          840.15,
          837.15,
          835.15,
          836.15,
          834.15,
          829.15,
          825.15,
          825.15,
          841.15,
          843.15,
          853.15,
          877.15,
          892.15,
          921.15,
          954.65,
          965.15,
          970.15,
          982.15,
          999.15,
          997.65,
          1000.15,
          1025.15,
          1027.15,
          1034.15,
          1037.65,
          1043.65,
          1041.15,
          1058.15,
          1060.15,
          1063.15,
          1062.15,
          1066.15,
          1069.15,
          1073.15,
          1081.15,
          1083.65,
          1089.15,
          1091.15,
          1093.15,
          1089.15,
          1081.15,
          1073.15,
          1069.15,
          1065.15,
          1061.15,
          1052.15,
          1045.15,
          1035.15,
          1026.65,
          1007.15,
          995.15,
          1074.15,
          1118.15,
          1131.15,
          1153.15,
          1231.15,
          1241.15,
          1278.15,
          1283.15,
          1315.15,
          1303.15]
  },
  "broadcast_conditions": false,
  "output": "ZPF",
  "values":   [
               [["LIQUID", ["MG"], [0.999988522]], ["HCP_A3", ["MG"],  [null]]], 
                [["LIQUID", ["MG"], [0.999973217]], ["HCP_A3", ["MG"],  [null]]], 
                [["LIQUID", ["MG"], [0.999908164]], ["HCP_A3", ["MG"],  [null]]], 
                [["LIQUID", ["MG"], [0.999881373]], ["HCP_A3", ["MG"],  [null]]], 
                [["LIQUID", ["MG"], [0.999843097]], ["HCP_A3", ["MG"],  [null]]], 
                [["LIQUID", ["MG"], [0.998984465]], ["HCP_A3", ["MG"],  [null]]], 
                [["LIQUID", ["MG"], [0.997961745]], ["HCP_A3", ["MG"],  [null]]], 
                [["LIQUID", ["MG"], [0.995188155]], ["HCP_A3", ["MG"],  [null]]], 
                [["LIQUID", ["MG"], [0.993501152]], ["HCP_A3", ["MG"],  [null]]], 
                [["LIQUID", ["MG"], [0.992926354]], ["HCP_A3", ["MG"],  [null]]], 
                [["LIQUID", ["MG"], [0.990245739]], ["HCP_A3", ["MG"],  [null]]], 
                [["LIQUID", ["MG"], [0.988861134]], ["HCP_A3", ["MG"],  [null]]], 
                [["LIQUID", ["MG"], [0.976614827]], ["HCP_A3", ["MG"],  [null]]], 
                [["LIQUID", ["MG"], [0.965379917]], ["HCP_A3", ["MG"],  [null]]], 
                [["LIQUID", ["MG"], [0.954980318]], ["HCP_A3", ["MG"],  [null]]], 
                [["LIQUID", ["MG"], [0.936288656]], ["HCP_A3", ["MG"],  [null]]], 
                [["LIQUID", ["MG"], [0.932310502]], ["HCP_A3", ["MG"],  [null]]], 
                [["LIQUID", ["MG"], [0.929569307]], ["HCP_A3", ["MG"],  [null]]], 
                [["LIQUID", ["MG"], [0.907484295]], ["HCP_A3", ["MG"],  [null]]], 
                [["LIQUID", ["MG"], [0.888068531]], ["HCP_A3", ["MG"],  [null]]], 
                [["LIQUID", ["MG"], [0.875924532]], ["HCP_A3", ["MG"],  [null]]], 
                [["LIQUID", ["MG"], [0.862229041]], ["HCP_A3", ["MG"],  [null]]], 
                [["LIQUID", ["MG"], [0.858552878]], ["CUMG2", ["MG"],  [null]]], 
                [["LIQUID", ["MG"], [0.846831335]], ["CUMG2", ["MG"],  [null]]], 
                [["LIQUID", ["MG"], [0.842221712]], ["CUMG2", ["MG"],  [null]]], 
                [["LIQUID", ["MG"], [0.841739635]], ["CUMG2", ["MG"],  [null]]], 
                [["LIQUID", ["MG"], [0.832897191]], ["CUMG2", ["MG"],  [null]]], 
                [["LIQUID", ["MG"], [0.815949094]], ["CUMG2", ["MG"],  [null]]], 
                [["LIQUID", ["MG"], [0.802468294]], ["CUMG2", ["MG"],  [null]]], 
                [["LIQUID", ["MG"], [0.793793729]], ["CUMG2", ["MG"],  [null]]], 
                [["LIQUID", ["MG"], [0.78389036]], ["CUMG2", ["MG"],  [null]]], 
                [["LIQUID", ["MG"], [0.780606398]], ["CUMG2", ["MG"],  [null]]], 
                [["LIQUID", ["MG"], [0.773960441]], ["CUMG2", ["MG"],  [null]]], 
                [["LIQUID", ["MG"], [0.772389773]], ["CUMG2", ["MG"],  [null]]], 
                [["LIQUID", ["MG"], [0.764885119]], ["CUMG2", ["MG"],  [null]]], 
                [["LIQUID", ["MG"], [0.750072965]], ["CUMG2", ["MG"],  [null]]], 
                [["LIQUID", ["MG"], [0.739626826]], ["CUMG2", ["MG"],  [null]]], 
                [["LIQUID", ["MG"], [0.732548319]], ["CUMG2", ["MG"],  [null]]], 
                [["LIQUID", ["MG"], [0.731291959]], ["CUMG2", ["MG"],  [null]]], 
                [["LIQUID", ["MG"], [0.719661136]], ["CUMG2", ["MG"],  [null]]], 
                [["LIQUID", ["MG"], [0.710283223]], ["CUMG2", ["MG"],  [null]]], 
                [["LIQUID", ["MG"], [0.70372695]], ["CUMG2", ["MG"],  [null]]], 
                [["LIQUID", ["MG"], [0.680499863]], ["CUMG2", ["MG"],  [null]]], 
                [["LIQUID", ["MG"], [0.671897202]], ["CUMG2", ["MG"],  [null]]], 
                [["LIQUID", ["MG"], [0.668934483]], ["CUMG2", ["MG"],  [null]]], 
                [["LIQUID", ["MG"], [0.667039454]], ["CUMG2", ["MG"],  [null]]], 
                [["LIQUID", ["MG"], [0.666315549]], ["CUMG2", ["MG"],  [null]]], 
                [["LIQUID", ["MG"], [0.651882892]], ["CUMG2", ["MG"],  [null]]], 
                [["LIQUID", ["MG"], [0.65150947]], ["CUMG2", ["MG"],  [null]]], 
                [["LIQUID", ["MG"], [0.645873363]], ["CUMG2", ["MG"],  [null]]], 
                [["LIQUID", ["MG"], [0.643695418]], ["CUMG2", ["MG"],  [null]]], 
                [["LIQUID", ["MG"], [0.643505571]], ["CUMG2", ["MG"],  [null]]], 
                [["LIQUID", ["MG"], [0.640935388]], ["CUMG2", ["MG"],  [null]]], 
                [["LIQUID", ["MG"], [0.628564323]], ["CUMG2", ["MG"],  [null]]], 
                [["LIQUID", ["MG"], [0.622954123]], ["CUMG2", ["MG"],  [null]]], 
                [["LIQUID", ["MG"], [0.618679657]], ["CUMG2", ["MG"],  [null]]], 
                [["LIQUID", ["MG"], [0.610628824]], ["CUMG2", ["MG"],  [null]]], 
                [["LIQUID", ["MG"], [0.592452931]], ["CUMG2", ["MG"],  [null]]], 
                [["LIQUID", ["MG"], [0.580218717]], ["CUMG2", ["MG"],  [null]]], 
                [["LIQUID", ["MG"], [0.579895663]], ["LAVES_C15", ["MG"],  [null]]], 
                [["LIQUID", ["MG"], [0.569011059]], ["LAVES_C15", ["MG"],  [null]]], 
                [["LIQUID", ["MG"], [0.567358682]], ["LAVES_C15", ["MG"],  [null]]], 
                [["LIQUID", ["MG"], [0.561701517]], ["LAVES_C15", ["MG"],  [null]]], 
                [["LIQUID", ["MG"], [0.545394958]], ["LAVES_C15", ["MG"],  [null]]], 
                [["LIQUID", ["MG"], [0.534711099]], ["LAVES_C15", ["MG"],  [null]]], 
                [["LIQUID", ["MG"], [0.515007836]], ["LAVES_C15", ["MG"],  [null]]], 
                [["LIQUID", ["MG"], [0.494197213]], ["LAVES_C15", ["MG"],  [null]]], 
                [["LIQUID", ["MG"], [0.483495071]], ["LAVES_C15", ["MG"],  [null]]], 
                [["LIQUID", ["MG"], [0.479623384]], ["LAVES_C15", ["MG"],  [null]]], 
