{
  "components": ["AL", "CR"],
  "phases": ["AL8CR5_BETA"],
  "solver": {
    "mode": "manual",
    "sublattice_site_ratios": [2.0, 3.0, 2.0, 6.0],
    "sublattice_configurations": [
       ["AL", ["AL", "CR"], "CR", "AL"],
       ["AL", ["AL", "CR"], "CR", "AL"],
       ["AL", ["AL", "CR"], "CR", "AL"],
       ["AL", ["AL", "CR"], "CR", "AL"],
       ["AL", ["AL", "CR"], "CR", "AL"],
       [["AL", "CR"], "AL", "CR", "AL"],
       [["AL", "CR"], "AL", "CR", "AL"],
       [["AL", "CR"], "AL", "CR", "AL"],
       [["AL", "CR"], "AL", "CR", "AL"],
       [["AL", "CR"], "AL", "CR", "AL"],
       [["AL", "CR"], "CR", "CR", "AL"],
       [["AL", "CR"], "CR", "CR", "AL"],
       [["AL", "CR"], "CR", "CR", "AL"],
       [["AL", "CR"], "CR", "CR", "AL"],
       [["AL", "CR"], "CR", "CR", "AL"],
       ["CR", ["AL", "CR"], "CR", "AL"],
       ["CR", ["AL", "CR"], "CR", "AL"],
       ["CR", ["AL", "CR"], "CR", "AL"],
       ["CR", ["AL", "CR"], "CR", "AL"],
       ["CR", ["AL", "CR"], "CR", "AL"]
     ],
    "sublattice_occupancies": [
       [1.0, [0.1, 0.9], 1.0, 1.0],
       [1.0, [0.30000000000000004, 0.7], 1.0, 1.0],
       [1.0, [0.5000000000000001, 0.4999999999999999], 1.0, 1.0],
       [1.0, [0.7000000000000001, 0.29999999999999993], 1.0, 1.0],
       [1.0, [0.9000000000000001, 0.09999999999999987], 1.0, 1.0],
       [[0.1, 0.9], 1.0, 1.0, 1.0],
       [[0.30000000000000004, 0.7], 1.0, 1.0, 1.0],
       [[0.5000000000000001, 0.4999999999999999], 1.0, 1.0, 1.0],
       [[0.7000000000000001, 0.29999999999999993], 1.0, 1.0, 1.0],
       [[0.9000000000000001, 0.09999999999999987], 1.0, 1.0, 1.0],
       [[0.1, 0.9], 1.0, 1.0, 1.0],
       [[0.30000000000000004, 0.7], 1.0, 1.0, 1.0],
       [[0.5000000000000001, 0.4999999999999999], 1.0, 1.0, 1.0],
       [[0.7000000000000001, 0.29999999999999993], 1.0, 1.0, 1.0],
       [[0.9000000000000001, 0.09999999999999987], 1.0, 1.0, 1.0],
       [1.0, [0.1, 0.9], 1.0, 1.0],
       [1.0, [0.30000000000000004, 0.7], 1.0, 1.0],
       [1.0, [0.5000000000000001, 0.4999999999999999], 1.0, 1.0],
       [1.0, [0.7000000000000001, 0.29999999999999993], 1.0, 1.0],
       [1.0, [0.9000000000000001, 0.09999999999999987], 1.0, 1.0]
     ] },
  "conditions": {
      "P": 101325,
      "T": 300  },
  "output": "SM_MIX",
  "values": [[
    [0.0, 0.0, 0.0, 0.0, 0.0, 0.0, 0.0, 0.0, 0.0, 0.0, 0.0, 0.0, 0.0, 0.0, 0.0, 0.0, 0.0, 0.0, 0.0, 0.0]
    ]],
  "excluded_model_contributions": ["idmix", "mag"],
  "reference": "text 1 to write reference",
  "comment": "test 2 to write comment"
}
