{
  "components": ["AL", "CR"],
  "phases": ["AL8CR5_GAMMA"],
  "solver": {
    "mode": "manual",
    "sublattice_site_ratios": [2.0, 3.0, 2.0, 6.0],
    "sublattice_configurations": [
       ["AL", ["AL", "CR"], "CR", "AL"],
       ["AL", ["AL", "CR"], "CR", "AL"],
       ["AL", ["AL", "CR"], "CR", "AL"],
       ["AL", ["AL", "CR"], "CR", "AL"],
       ["AL", ["AL", "CR"], "CR", "AL"],
       [["AL", "CR"], "AL", "CR", "AL"],
       [["AL", "CR"], "AL", "CR", "AL"],
       [["AL", "CR"], "AL", "CR", "AL"],
       [["AL", "CR"], "AL", "CR", "AL"],
       [["AL", "CR"], "AL", "CR", "AL"],
       [["AL", "CR"], "CR", "CR", "AL"],
       [["AL", "CR"], "CR", "CR", "AL"],
       [["AL", "CR"], "CR", "CR", "AL"],
       [["AL", "CR"], "CR", "CR", "AL"],
       [["AL", "CR"], "CR", "CR", "AL"],
       ["CR", ["AL", "CR"], "CR", "AL"],
       ["CR", ["AL", "CR"], "CR", "AL"],
       ["CR", ["AL", "CR"], "CR", "AL"],
       ["CR", ["AL", "CR"], "CR", "AL"],
       ["CR", ["AL", "CR"], "CR", "AL"]
     ],
    "sublattice_occupancies": [
       [1.0, [0.1, 0.9], 1.0, 1.0],
       [1.0, [0.30000000000000004, 0.7], 1.0, 1.0],
       [1.0, [0.5000000000000001, 0.4999999999999999], 1.0, 1.0],
       [1.0, [0.7000000000000001, 0.29999999999999993], 1.0, 1.0],
       [1.0, [0.9000000000000001, 0.09999999999999987], 1.0, 1.0],
       [[0.1, 0.9], 1.0, 1.0, 1.0],
       [[0.30000000000000004, 0.7], 1.0, 1.0, 1.0],
       [[0.5000000000000001, 0.4999999999999999], 1.0, 1.0, 1.0],
       [[0.7000000000000001, 0.29999999999999993], 1.0, 1.0, 1.0],
       [[0.9000000000000001, 0.09999999999999987], 1.0, 1.0, 1.0],
       [[0.1, 0.9], 1.0, 1.0, 1.0],
       [[0.30000000000000004, 0.7], 1.0, 1.0, 1.0],
       [[0.5000000000000001, 0.4999999999999999], 1.0, 1.0, 1.0],
       [[0.7000000000000001, 0.29999999999999993], 1.0, 1.0, 1.0],
       [[0.9000000000000001, 0.09999999999999987], 1.0, 1.0, 1.0],
       [1.0, [0.1, 0.9], 1.0, 1.0],
       [1.0, [0.30000000000000004, 0.7], 1.0, 1.0],
       [1.0, [0.5000000000000001, 0.4999999999999999], 1.0, 1.0],
       [1.0, [0.7000000000000001, 0.29999999999999993], 1.0, 1.0],
       [1.0, [0.9000000000000001, 0.09999999999999987], 1.0, 1.0]
     ] },
  "conditions": {
      "P": 101325,
      "T": 300  },
  "output": "HM_MIX",
  "values": [[
    [-927.0, -2163.0, -2575.0, -2163.0, -927.0, -1429.9615384615386, -3336.576923076923, -3972.1461538461535, -3336.592307692308, -1429.953846153846, -1429.9615384615386, -3336.576923076923, -3972.092307692308, -3336.6153846153848, -1430.0, -926.9987692307693, -2163.0017692307692, -2574.997076923077, -2163.000076923077, -927.0030769230771]
    ]],
  "excluded_model_contributions": ["idmix", "mag"],
  "reference": "text 1 to write reference",
  "comment": "test 2 to write comment"
}
