{
  "components": ["AL", "CO", "CR", "VA", "W"],
  "phases": ["BCC_A2"],
  "solver": {
    "mode": "manual",
    "sublattice_site_ratios": [1.0, 3.0],
    "sublattice_configurations": [
       [["AL", "CO"], "VA"],
       [["AL", "CO"], "VA"],
       [["AL", "CO"], "VA"],
       [["AL", "CO"], "VA"],
       [["AL", "CO"], "VA"],
       [["AL", "CR"], "VA"],
       [["AL", "CR"], "VA"],
       [["AL", "CR"], "VA"],
       [["AL", "CR"], "VA"],
       [["AL", "CR"], "VA"],
       [["AL", "VA"], "VA"],
       [["AL", "VA"], "VA"],
       [["AL", "VA"], "VA"],
       [["AL", "VA"], "VA"],
       [["AL", "VA"], "VA"],
       [["AL", "W"], "VA"],
       [["AL", "W"], "VA"],
       [["AL", "W"], "VA"],
       [["AL", "W"], "VA"],
       [["AL", "W"], "VA"],
       [["CO", "CR"], "VA"],
       [["CO", "CR"], "VA"],
       [["CO", "CR"], "VA"],
       [["CO", "CR"], "VA"],
       [["CO", "CR"], "VA"],
       [["CO", "VA"], "VA"],
       [["CO", "VA"], "VA"],
       [["CO", "VA"], "VA"],
       [["CO", "VA"], "VA"],
       [["CO", "VA"], "VA"],
       [["CO", "W"], "VA"],
       [["CO", "W"], "VA"],
       [["CO", "W"], "VA"],
       [["CO", "W"], "VA"],
       [["CO", "W"], "VA"],
       [["CR", "VA"], "VA"],
       [["CR", "VA"], "VA"],
       [["CR", "VA"], "VA"],
       [["CR", "VA"], "VA"],
       [["CR", "VA"], "VA"],
       [["CR", "W"], "VA"],
       [["CR", "W"], "VA"],
       [["CR", "W"], "VA"],
       [["CR", "W"], "VA"],
       [["CR", "W"], "VA"],
       [["VA", "W"], "VA"],
       [["VA", "W"], "VA"],
       [["VA", "W"], "VA"],
       [["VA", "W"], "VA"],
       [["VA", "W"], "VA"]
     ],
    "sublattice_occupancies": [
       [[0.1, 0.9], 1.0],
       [[0.30000000000000004, 0.7], 1.0],
       [[0.5000000000000001, 0.4999999999999999], 1.0],
       [[0.7000000000000001, 0.29999999999999993], 1.0],
       [[0.9000000000000001, 0.09999999999999987], 1.0],
       [[0.1, 0.9], 1.0],
       [[0.30000000000000004, 0.7], 1.0],
       [[0.5000000000000001, 0.4999999999999999], 1.0],
       [[0.7000000000000001, 0.29999999999999993], 1.0],
       [[0.9000000000000001, 0.09999999999999987], 1.0],
       [[0.1, 0.9], 1.0],
       [[0.30000000000000004, 0.7], 1.0],
       [[0.5000000000000001, 0.4999999999999999], 1.0],
       [[0.7000000000000001, 0.29999999999999993], 1.0],
       [[0.9000000000000001, 0.09999999999999987], 1.0],
       [[0.1, 0.9], 1.0],
       [[0.30000000000000004, 0.7], 1.0],
       [[0.5000000000000001, 0.4999999999999999], 1.0],
       [[0.7000000000000001, 0.29999999999999993], 1.0],
       [[0.9000000000000001, 0.09999999999999987], 1.0],
       [[0.1, 0.9], 1.0],
       [[0.30000000000000004, 0.7], 1.0],
       [[0.5000000000000001, 0.4999999999999999], 1.0],
       [[0.7000000000000001, 0.29999999999999993], 1.0],
       [[0.9000000000000001, 0.09999999999999987], 1.0],
       [[0.1, 0.9], 1.0],
       [[0.30000000000000004, 0.7], 1.0],
       [[0.5000000000000001, 0.4999999999999999], 1.0],
       [[0.7000000000000001, 0.29999999999999993], 1.0],
       [[0.9000000000000001, 0.09999999999999987], 1.0],
       [[0.1, 0.9], 1.0],
       [[0.30000000000000004, 0.7], 1.0],
       [[0.5000000000000001, 0.4999999999999999], 1.0],
       [[0.7000000000000001, 0.29999999999999993], 1.0],
       [[0.9000000000000001, 0.09999999999999987], 1.0],
       [[0.1, 0.9], 1.0],
       [[0.30000000000000004, 0.7], 1.0],
       [[0.5000000000000001, 0.4999999999999999], 1.0],
       [[0.7000000000000001, 0.29999999999999993], 1.0],
       [[0.9000000000000001, 0.09999999999999987], 1.0],
       [[0.1, 0.9], 1.0],
       [[0.30000000000000004, 0.7], 1.0],
       [[0.5000000000000001, 0.4999999999999999], 1.0],
       [[0.7000000000000001, 0.29999999999999993], 1.0],
       [[0.9000000000000001, 0.09999999999999987], 1.0],
       [[0.1, 0.9], 1.0],
       [[0.30000000000000004, 0.7], 1.0],
       [[0.5000000000000001, 0.4999999999999999], 1.0],
       [[0.7000000000000001, 0.29999999999999993], 1.0],
       [[0.9000000000000001, 0.09999999999999987], 1.0]
     ] },
  "conditions": {
      "P": 101325,
      "T": 300  },
  "output": "HM_MIX",
  "values": [[
    [-8661.93, -20211.16, -24060.92, -20211.17, -8661.95, -4472.638, -10436.16, -12424.0, -10436.16, -4472.639999999999, 42220.799999999996, 32838.36666666667, 23456.04, 14073.599999999999, 4691.255555555554, -1215.196, -4042.727, -6250.0, -6457.271, -3284.7999999999993, 2159.2700000000004, 4160.35, 3907.65, 2404.5, 654.25, 113565.9, 88328.7, 63091.920000000006, 37855.200000000004, 12618.366666666667, 5400.0, 12599.960000000001, 14999.960000000003, 12600.0, 5400.030000000001, 90000.02889999999, 69999.94766666667, 49999.969800000006, 29999.943428571434, 10000.001333333334, 2931.8413, 6730.0752999999995, 7879.998500000001, 6508.3166, 2741.7599, 9999.99822222222, 30000.001428571428, 50000.0872, 69999.95366666667, 89999.98709999998]
    ]],
  "excluded_model_contributions": ["idmix", "mag"],
  "reference": "text 1 to write reference",
  "comment": "test 2 to write comment"
}
