{
  "components": ["AL", "CO", "W"],
  "phases": ["CO3W"],
  "solver": {
    "mode": "manual",
    "sublattice_site_ratios": [0.75, 0.25],
    "sublattice_configurations": [
       ["CO", ["AL", "CO"]],
       ["CO", ["AL", "CO"]],
       ["CO", ["AL", "CO"]],
       ["CO", ["AL", "CO"]],
       ["CO", ["AL", "CO"]],
       ["CO", ["AL", "W"]],
       ["CO", ["AL", "W"]],
       ["CO", ["AL", "W"]],
       ["CO", ["AL", "W"]],
       ["CO", ["AL", "W"]],
       [["CO", "W"], "AL"],
       [["CO", "W"], "AL"],
       [["CO", "W"], "AL"],
       [["CO", "W"], "AL"],
       [["CO", "W"], "AL"],
       ["CO", ["CO", "W"]],
       ["CO", ["CO", "W"]],
       ["CO", ["CO", "W"]],
       ["CO", ["CO", "W"]],
       ["CO", ["CO", "W"]],
       [["CO", "W"], "CO"],
       [["CO", "W"], "CO"],
       [["CO", "W"], "CO"],
       [["CO", "W"], "CO"],
       [["CO", "W"], "CO"],
       [["CO", "W"], "W"],
       [["CO", "W"], "W"],
       [["CO", "W"], "W"],
       [["CO", "W"], "W"],
       [["CO", "W"], "W"],
       ["W", ["AL", "CO"]],
       ["W", ["AL", "CO"]],
       ["W", ["AL", "CO"]],
       ["W", ["AL", "CO"]],
       ["W", ["AL", "CO"]],
       ["W", ["AL", "W"]],
       ["W", ["AL", "W"]],
       ["W", ["AL", "W"]],
       ["W", ["AL", "W"]],
       ["W", ["AL", "W"]],
       ["W", ["CO", "W"]],
       ["W", ["CO", "W"]],
       ["W", ["CO", "W"]],
       ["W", ["CO", "W"]],
       ["W", ["CO", "W"]]
     ],
    "sublattice_occupancies": [
       [1.0, [0.1, 0.9]],
       [1.0, [0.30000000000000004, 0.7]],
       [1.0, [0.5000000000000001, 0.4999999999999999]],
       [1.0, [0.7000000000000001, 0.29999999999999993]],
       [1.0, [0.9000000000000001, 0.09999999999999987]],
       [1.0, [0.1, 0.9]],
       [1.0, [0.30000000000000004, 0.7]],
       [1.0, [0.5000000000000001, 0.4999999999999999]],
       [1.0, [0.7000000000000001, 0.29999999999999993]],
       [1.0, [0.9000000000000001, 0.09999999999999987]],
       [[0.1, 0.9], 1.0],
       [[0.30000000000000004, 0.7], 1.0],
       [[0.5000000000000001, 0.4999999999999999], 1.0],
       [[0.7000000000000001, 0.29999999999999993], 1.0],
       [[0.9000000000000001, 0.09999999999999987], 1.0],
       [1.0, [0.1, 0.9]],
       [1.0, [0.30000000000000004, 0.7]],
       [1.0, [0.5000000000000001, 0.4999999999999999]],
       [1.0, [0.7000000000000001, 0.29999999999999993]],
       [1.0, [0.9000000000000001, 0.09999999999999987]],
       [[0.1, 0.9], 1.0],
       [[0.30000000000000004, 0.7], 1.0],
       [[0.5000000000000001, 0.4999999999999999], 1.0],
       [[0.7000000000000001, 0.29999999999999993], 1.0],
       [[0.9000000000000001, 0.09999999999999987], 1.0],
       [[0.1, 0.9], 1.0],
       [[0.30000000000000004, 0.7], 1.0],
       [[0.5000000000000001, 0.4999999999999999], 1.0],
       [[0.7000000000000001, 0.29999999999999993], 1.0],
       [[0.9000000000000001, 0.09999999999999987], 1.0],
       [1.0, [0.1, 0.9]],
       [1.0, [0.30000000000000004, 0.7]],
       [1.0, [0.5000000000000001, 0.4999999999999999]],
       [1.0, [0.7000000000000001, 0.29999999999999993]],
       [1.0, [0.9000000000000001, 0.09999999999999987]],
       [1.0, [0.1, 0.9]],
       [1.0, [0.30000000000000004, 0.7]],
       [1.0, [0.5000000000000001, 0.4999999999999999]],
       [1.0, [0.7000000000000001, 0.29999999999999993]],
       [1.0, [0.9000000000000001, 0.09999999999999987]],
       [1.0, [0.1, 0.9]],
       [1.0, [0.30000000000000004, 0.7]],
       [1.0, [0.5000000000000001, 0.4999999999999999]],
       [1.0, [0.7000000000000001, 0.29999999999999993]],
       [1.0, [0.9000000000000001, 0.09999999999999987]]
     ] },
  "conditions": {
      "P": 101325,
      "T": 300  },
  "output": "SM_MIX",
  "values": [[
    [0.0, 0.0, 0.0, 0.0, 0.0, 0.0, 0.0, 0.0, 0.0, 0.0, 0.0, 0.0, 0.0, 0.0, 0.0, 0.45009999999999917, 1.0498933333333313, 1.249890000000002, 1.0496666666666654, 0.45, 0.0, 0.0, 0.0, 0.0, 0.0, 0.0, 0.0, 0.0, 0.0, 0.0, 0.0, 0.0, 0.0, 0.0, 0.0, 0.0, 0.0, 0.0, 0.0, 0.0, 0.0, 0.0, 0.0, 0.0, 0.0]
    ]],
  "excluded_model_contributions": ["idmix", "mag"],
  "reference": "text 1 to write reference",
  "comment": "test 2 to write comment"
}
