{
  "components": ["AL", "CO", "CR", "VA", "W"],
  "phases": ["HCP_A3"],
  "solver": {
    "mode": "manual",
    "sublattice_site_ratios": [1.0, 0.5],
    "sublattice_configurations": [
       [["AL", "CO"], "VA"],
       [["AL", "CO"], "VA"],
       [["AL", "CO"], "VA"],
       [["AL", "CO"], "VA"],
       [["AL", "CO"], "VA"],
       [["AL", "CR"], "VA"],
       [["AL", "CR"], "VA"],
       [["AL", "CR"], "VA"],
       [["AL", "CR"], "VA"],
       [["AL", "CR"], "VA"],
       [["AL", "W"], "VA"],
       [["AL", "W"], "VA"],
       [["AL", "W"], "VA"],
       [["AL", "W"], "VA"],
       [["AL", "W"], "VA"],
       [["CO", "CR"], "VA"],
       [["CO", "CR"], "VA"],
       [["CO", "CR"], "VA"],
       [["CO", "CR"], "VA"],
       [["CO", "CR"], "VA"],
       [["CO", "W"], "VA"],
       [["CO", "W"], "VA"],
       [["CO", "W"], "VA"],
       [["CO", "W"], "VA"],
       [["CO", "W"], "VA"],
       [["CR", "W"], "VA"],
       [["CR", "W"], "VA"],
       [["CR", "W"], "VA"],
       [["CR", "W"], "VA"],
       [["CR", "W"], "VA"]
     ],
    "sublattice_occupancies": [
       [[0.1, 0.9], 1.0],
       [[0.30000000000000004, 0.7], 1.0],
       [[0.5000000000000001, 0.4999999999999999], 1.0],
       [[0.7000000000000001, 0.29999999999999993], 1.0],
       [[0.9000000000000001, 0.09999999999999987], 1.0],
       [[0.1, 0.9], 1.0],
       [[0.30000000000000004, 0.7], 1.0],
       [[0.5000000000000001, 0.4999999999999999], 1.0],
       [[0.7000000000000001, 0.29999999999999993], 1.0],
       [[0.9000000000000001, 0.09999999999999987], 1.0],
       [[0.1, 0.9], 1.0],
       [[0.30000000000000004, 0.7], 1.0],
       [[0.5000000000000001, 0.4999999999999999], 1.0],
       [[0.7000000000000001, 0.29999999999999993], 1.0],
       [[0.9000000000000001, 0.09999999999999987], 1.0],
       [[0.1, 0.9], 1.0],
       [[0.30000000000000004, 0.7], 1.0],
       [[0.5000000000000001, 0.4999999999999999], 1.0],
       [[0.7000000000000001, 0.29999999999999993], 1.0],
       [[0.9000000000000001, 0.09999999999999987], 1.0],
       [[0.1, 0.9], 1.0],
       [[0.30000000000000004, 0.7], 1.0],
       [[0.5000000000000001, 0.4999999999999999], 1.0],
       [[0.7000000000000001, 0.29999999999999993], 1.0],
       [[0.9000000000000001, 0.09999999999999987], 1.0],
       [[0.1, 0.9], 1.0],
       [[0.30000000000000004, 0.7], 1.0],
       [[0.5000000000000001, 0.4999999999999999], 1.0],
       [[0.7000000000000001, 0.29999999999999993], 1.0],
       [[0.9000000000000001, 0.09999999999999987], 1.0]
     ] },
  "conditions": {
      "P": 101325,
      "T": 300  },
  "output": "HM_MIX",
  "values": [[
    [0.0, 0.0, 0.0, 0.0, 0.0, 0.0, 0.0, 0.0, 0.0, 0.0, -1012.5, -3202.51, -4812.459999999999, -4882.5, -2452.5, -293.71000000000004, -685.3199999999997, -815.8600000000006, -685.3099999999995, -293.71000000000004, 0.0, 0.0, 0.0, 0.0, 0.0, 2931.9000000000015, 6730.1, 7879.969999999999, 6508.32, 2741.7599999999993]
    ]],
  "excluded_model_contributions": ["idmix", "mag"],
  "reference": "text 1 to write reference",
  "comment": "test 2 to write comment"
}
