{
  "components": ["AL", "CO", "CR", "VA", "W"],
  "phases": ["BCC_A2"],
  "solver": {
    "mode": "manual",
    "sublattice_site_ratios": [1.0, 3.0],
    "sublattice_configurations": [
       [["AL", "CO"], "VA"],
       [["AL", "CO"], "VA"],
       [["AL", "CO"], "VA"],
       [["AL", "CO"], "VA"],
       [["AL", "CO"], "VA"],
       [["AL", "CR"], "VA"],
       [["AL", "CR"], "VA"],
       [["AL", "CR"], "VA"],
       [["AL", "CR"], "VA"],
       [["AL", "CR"], "VA"],
       [["AL", "VA"], "VA"],
       [["AL", "VA"], "VA"],
       [["AL", "VA"], "VA"],
       [["AL", "VA"], "VA"],
       [["AL", "VA"], "VA"],
       [["AL", "W"], "VA"],
       [["AL", "W"], "VA"],
       [["AL", "W"], "VA"],
       [["AL", "W"], "VA"],
       [["AL", "W"], "VA"],
       [["CO", "CR"], "VA"],
       [["CO", "CR"], "VA"],
       [["CO", "CR"], "VA"],
       [["CO", "CR"], "VA"],
       [["CO", "CR"], "VA"],
       [["CO", "VA"], "VA"],
       [["CO", "VA"], "VA"],
       [["CO", "VA"], "VA"],
       [["CO", "VA"], "VA"],
       [["CO", "VA"], "VA"],
       [["CO", "W"], "VA"],
       [["CO", "W"], "VA"],
       [["CO", "W"], "VA"],
       [["CO", "W"], "VA"],
       [["CO", "W"], "VA"],
       [["CR", "VA"], "VA"],
       [["CR", "VA"], "VA"],
       [["CR", "VA"], "VA"],
       [["CR", "VA"], "VA"],
       [["CR", "VA"], "VA"],
       [["CR", "W"], "VA"],
       [["CR", "W"], "VA"],
       [["CR", "W"], "VA"],
       [["CR", "W"], "VA"],
       [["CR", "W"], "VA"],
       [["VA", "W"], "VA"],
       [["VA", "W"], "VA"],
       [["VA", "W"], "VA"],
       [["VA", "W"], "VA"],
       [["VA", "W"], "VA"]
     ],
    "sublattice_occupancies": [
       [[0.1, 0.9], 1.0],
       [[0.30000000000000004, 0.7], 1.0],
       [[0.5000000000000001, 0.4999999999999999], 1.0],
       [[0.7000000000000001, 0.29999999999999993], 1.0],
       [[0.9000000000000001, 0.09999999999999987], 1.0],
       [[0.1, 0.9], 1.0],
       [[0.30000000000000004, 0.7], 1.0],
       [[0.5000000000000001, 0.4999999999999999], 1.0],
       [[0.7000000000000001, 0.29999999999999993], 1.0],
       [[0.9000000000000001, 0.09999999999999987], 1.0],
       [[0.1, 0.9], 1.0],
       [[0.30000000000000004, 0.7], 1.0],
       [[0.5000000000000001, 0.4999999999999999], 1.0],
       [[0.7000000000000001, 0.29999999999999993], 1.0],
       [[0.9000000000000001, 0.09999999999999987], 1.0],
       [[0.1, 0.9], 1.0],
       [[0.30000000000000004, 0.7], 1.0],
       [[0.5000000000000001, 0.4999999999999999], 1.0],
       [[0.7000000000000001, 0.29999999999999993], 1.0],
       [[0.9000000000000001, 0.09999999999999987], 1.0],
       [[0.1, 0.9], 1.0],
       [[0.30000000000000004, 0.7], 1.0],
       [[0.5000000000000001, 0.4999999999999999], 1.0],
       [[0.7000000000000001, 0.29999999999999993], 1.0],
       [[0.9000000000000001, 0.09999999999999987], 1.0],
       [[0.1, 0.9], 1.0],
       [[0.30000000000000004, 0.7], 1.0],
       [[0.5000000000000001, 0.4999999999999999], 1.0],
       [[0.7000000000000001, 0.29999999999999993], 1.0],
       [[0.9000000000000001, 0.09999999999999987], 1.0],
       [[0.1, 0.9], 1.0],
       [[0.30000000000000004, 0.7], 1.0],
       [[0.5000000000000001, 0.4999999999999999], 1.0],
       [[0.7000000000000001, 0.29999999999999993], 1.0],
       [[0.9000000000000001, 0.09999999999999987], 1.0],
       [[0.1, 0.9], 1.0],
       [[0.30000000000000004, 0.7], 1.0],
       [[0.5000000000000001, 0.4999999999999999], 1.0],
       [[0.7000000000000001, 0.29999999999999993], 1.0],
       [[0.9000000000000001, 0.09999999999999987], 1.0],
       [[0.1, 0.9], 1.0],
       [[0.30000000000000004, 0.7], 1.0],
       [[0.5000000000000001, 0.4999999999999999], 1.0],
       [[0.7000000000000001, 0.29999999999999993], 1.0],
       [[0.9000000000000001, 0.09999999999999987], 1.0],
       [[0.1, 0.9], 1.0],
       [[0.30000000000000004, 0.7], 1.0],
       [[0.5000000000000001, 0.4999999999999999], 1.0],
       [[0.7000000000000001, 0.29999999999999993], 1.0],
       [[0.9000000000000001, 0.09999999999999987], 1.0]
     ] },
  "conditions": {
      "P": 101325,
      "T": 300  },
  "output": "SM_MIX",
  "values": [[
    [-0.2946999999999995, -0.6873666666666759, -0.8183999999999894, -0.6876333333333241, -0.2947233333333376, 1.1027733333333345, 2.573066666666673, 3.063099999999995, 2.5729999999999986, 1.1027666666666696, 0.0, 0.0, 0.0, 0.0, 0.0, -1.5277866666666644, -3.564789999999997, -4.2439333333333344, -3.5648033333333355, -1.527766666666665, 0.9102000000000013, 2.123800000000001, 2.5283000000000024, 2.123766666666667, 0.9101999999999983, 0.0, 0.0, 0.0, 0.0, 0.0, 0.0, 0.0, 0.0, 0.0, 0.0, 0.0, 0.0, 0.0, 0.0, 0.0, 0.0, 0.0, 0.0, 0.0, 0.0, 0.0, 0.0, 0.0, 0.0, 0.0]
    ]],
  "excluded_model_contributions": ["idmix", "mag"],
  "reference": "text 1 to write reference",
  "comment": "test 2 to write comment"
}
